{
    "Europe": [
        "Andorra",
        "Albania",
        "Armenia",
        "Austria",
        "Bosnia and Herzegovina",
        "Belgium",
        "Bulgaria",
        "Belarus",
        "Switzerland",
        "Cyprus",
        "Germany",
        "Denmark",
        "Estonia",
        "Spain",
        "Finland",
        "France",
        "United Kingdom",
        "Georgia",
        "Greece",
        "Croatia",
        "Hungary",
        "Ireland",
        "Iceland",
        "Italy",
        "Liechtenstein",
        "Lithuania",
        "Luxembourg",
        "Latvia",
        "Monaco",
        "Malta",
        "Netherlands",
        "Norway",
        "Poland",
        "Portugal",
        "Romania",
        "Sweden",
        "Slovenia",
        "Slovakia",
        "San Marino",
        "Turkey",
        "Ukraine",
        "Serbia",
        "Montenegro",
        "Czechia",
        "Holy See",
        "Kosovo",
        "Moldova",
        "North Macedonia"
    ],
    "Middle east": [
        "United Arab Emirates",
        "Egypt",
        "Israel",
        "Iraq",
        "Jordan",
        "Kuwait",
        "Lebanon",
        "Libya",
        "Oman",
        "Qatar",
        "Saudi Arabia",
        "Yemen"
    ],
    "Asia & Pacific": [
        "Afghanistan",
        "Antarctica",
        "Australia",
        "Azerbaijan",
        "Bangladesh",
        "Bhutan",
        "China",
        "Fiji",
        "Indonesia",
        "India",
        "Japan",
        "Kyrgyzstan",
        "Cambodia",
        "Kiribati",
        "Kazakhstan",
        "Sri Lanka",
        "Marshall Islands",
        "Mongolia",
        "Maldives",
        "Malaysia",
        "Nepal",
        "New Zealand",
        "Papua New Guinea",
        "Philippines",
        "Pakistan",
        "Palau",
        "Solomon Islands",
        "Singapore",
        "Thailand",
        "Tajikistan",
        "Tonga",
        "Timor-Leste",
        "Uzbekistan",
        "Vietnam",
        "Vanuatu",
        "Samoa",
        "Brunei",
        "Burma",
        "Iran",
        "Korea, North",
        "Korea, South",
        "Laos",
        "Micronesia",
        "Russia",
        "Summer Olympics 2020",
        "Syria",
        "Taiwan*",
        "West Bank and Gaza",
        "Winter Olympics 2022"
    ],
    "South/Latin America": [
        "Antigua and Barbuda",
        "Argentina",
        "Barbados",
        "Bolivia",
        "Brazil",
        "Bahamas",
        "Belize",
        "Chile",
        "Colombia",
        "Costa Rica",
        "Cuba",
        "Dominica",
        "Dominican Republic",
        "Ecuador",
        "Grenada",
        "Guatemala",
        "Guyana",
        "Honduras",
        "Haiti",
        "Jamaica",
        "Saint Kitts and Nevis",
        "Saint Lucia",
        "Mexico",
        "Panama",
        "Peru",
        "Paraguay",
        "Suriname",
        "El Salvador",
        "Trinidad and Tobago",
        "Uruguay",
        "Saint Vincent and the Grenadines",
        "Venezuela"
    ],
    "Africa": [
        "Angola",
        "Burkina Faso",
        "Burundi",
        "Benin",
        "Botswana",
        "Central African Republic",
        "Cameroon",
        "Eritrea",
        "Ethiopia",
        "Gabon",
        "Ghana",
        "Gambia",
        "Guinea",
        "Equatorial Guinea",
        "Guinea-Bissau",
        "Kenya",
        "Liberia",
        "Lesotho",
        "Madagascar",
        "Mali",
        "Mauritius",
        "Malawi",
        "Mozambique",
        "Namibia",
        "Niger",
        "Nigeria",
        "Rwanda",
        "Seychelles",
        "South Sudan",
        "Sierra Leone",
        "Senegal",
        "Sao Tome and Principe",
        "Chad",
        "Togo",
        "Uganda",
        "South Africa",
        "Zambia",
        "Zimbabwe",
        "Cabo Verde",
        "Congo (Brazzaville)",
        "Congo (Kinshasa)",
        "Cote d'Ivoire",
        "Eswatini",
        "Tanzania"
    ],
    "Arab States": [
        "Bahrain",
        "Djibouti",
        "Algeria",
        "Comoros",
        "Morocco",
        "Mauritania",
        "Sudan",
        "Somalia",
        "Tunisia"
    ],
    "North America": [
        "Canada",
        "MS Zaandam",
        "US"
    ],
    "South/Central America": [
        "Nicaragua"
    ],
    "United Kingdom": [
        "Diamond Princess"
    ]
}